question,intent
Tell me the podium finishers at the Japanese GP.,race_results
What was the final result of the British GP?,race_results
Who won the Canadian GP?,race_results
What was the final result of the Canadian GP?,race_results
Tell me the podium finishers at the Japanese GP.,race_results
Who won the Monaco GP?,race_results
Tell me the podium finishers at the Australian GP.,race_results
What was the final result of the Japanese GP?,race_results
Who won the Monaco GP?,race_results
Who won the Australian GP?,race_results
Who won the British GP?,race_results
Who won the Canadian GP?,race_results
Tell me the podium finishers at the British GP.,race_results
What was the final result of the Australian GP?,race_results
What was the final result of the Monaco GP?,race_results
What was the final result of the Monaco GP?,race_results
Tell me the podium finishers at the Japanese GP.,race_results
Who won the Canadian GP?,race_results
Who won the Australian GP?,race_results
Tell me the podium finishers at the Canadian GP.,race_results
Who won the Japanese GP?,race_results
Tell me the podium finishers at the Australian GP.,race_results
Who won the Monaco GP?,race_results
Tell me the podium finishers at the British GP.,race_results
Who won the British GP?,race_results
Tell me the podium finishers at the Spanish GP.,race_results
Tell me the podium finishers at the Monaco GP.,race_results
Tell me the podium finishers at the Spanish GP.,race_results
Tell me the podium finishers at the Monaco GP.,race_results
Who won the British GP?,race_results
What was the final result of the British GP?,race_results
Tell me the podium finishers at the Japanese GP.,race_results
What was the final result of the Canadian GP?,race_results
Tell me the podium finishers at the Australian GP.,race_results
Who won the Spanish GP?,race_results
Tell me the podium finishers at the Japanese GP.,race_results
Who won the Australian GP?,race_results
Who won the Australian GP?,race_results
Tell me the podium finishers at the Canadian GP.,race_results
Tell me the podium finishers at the Spanish GP.,race_results
Tell me the podium finishers at the Australian GP.,race_results
Tell me the podium finishers at the British GP.,race_results
Who won the Monaco GP?,race_results
Tell me the podium finishers at the Australian GP.,race_results
Who won the Spanish GP?,race_results
What was the final result of the Canadian GP?,race_results
What was the final result of the Australian GP?,race_results
Who won the Japanese GP?,race_results
Tell me the podium finishers at the British GP.,race_results
Tell me the podium finishers at the Japanese GP.,race_results
What was the final result of the British GP?,race_results
Tell me the podium finishers at the Australian GP.,race_results
Tell me the podium finishers at the Monaco GP.,race_results
What was the final result of the Australian GP?,race_results
Tell me the podium finishers at the Canadian GP.,race_results
Tell me the podium finishers at the Canadian GP.,race_results
Who won the Australian GP?,race_results
What was the final result of the Japanese GP?,race_results
Who won the Canadian GP?,race_results
Tell me the podium finishers at the Monaco GP.,race_results
What was the final result of the Canadian GP?,race_results
Tell me the podium finishers at the Japanese GP.,race_results
Who won the Monaco GP?,race_results
Tell me the podium finishers at the Canadian GP.,race_results
Tell me the podium finishers at the Monaco GP.,race_results
What was the final result of the Monaco GP?,race_results
Tell me the podium finishers at the British GP.,race_results
What was the final result of the Spanish GP?,race_results
Who won the Spanish GP?,race_results
Who won the Australian GP?,race_results
Who won the Monaco GP?,race_results
Tell me the podium finishers at the Monaco GP.,race_results
What was the final result of the Spanish GP?,race_results
Who won the British GP?,race_results
What was the final result of the Monaco GP?,race_results
What was the final result of the Spanish GP?,race_results
Who won the Monaco GP?,race_results
Tell me the podium finishers at the Japanese GP.,race_results
Who won the Spanish GP?,race_results
Who won the Monaco GP?,race_results
What was the final result of the Spanish GP?,race_results
Tell me the podium finishers at the Monaco GP.,race_results
Who won the British GP?,race_results
Tell me the podium finishers at the Japanese GP.,race_results
What was the final result of the British GP?,race_results
What was the final result of the Canadian GP?,race_results
Tell me the podium finishers at the Australian GP.,race_results
What was the final result of the Spanish GP?,race_results
Tell me the podium finishers at the Japanese GP.,race_results
Tell me the podium finishers at the British GP.,race_results
Who won the British GP?,race_results
What was the final result of the Canadian GP?,race_results
What was the final result of the Spanish GP?,race_results
Who won the Monaco GP?,race_results
Tell me the podium finishers at the Australian GP.,race_results
What was the final result of the Japanese GP?,race_results
Tell me the podium finishers at the Australian GP.,race_results
Tell me the podium finishers at the British GP.,race_results
Who won the Japanese GP?,race_results
What was the final result of the Monaco GP?,race_results
Who got pole at the Monaco GP?,qualifying_results
How did qualifying go in the Monaco GP?,qualifying_results
How did qualifying go in the British GP?,qualifying_results
How did qualifying go in the Japanese GP?,qualifying_results
What was the qualifying order for the Canadian GP?,qualifying_results
How did qualifying go in the Australian GP?,qualifying_results
What was the qualifying order for the Monaco GP?,qualifying_results
What was the qualifying order for the Japanese GP?,qualifying_results
How did qualifying go in the British GP?,qualifying_results
What was the qualifying order for the Australian GP?,qualifying_results
How did qualifying go in the British GP?,qualifying_results
Who got pole at the Canadian GP?,qualifying_results
How did qualifying go in the Canadian GP?,qualifying_results
Who got pole at the Canadian GP?,qualifying_results
What was the qualifying order for the Spanish GP?,qualifying_results
What was the qualifying order for the Spanish GP?,qualifying_results
How did qualifying go in the Japanese GP?,qualifying_results
How did qualifying go in the Australian GP?,qualifying_results
How did qualifying go in the Monaco GP?,qualifying_results
Who got pole at the British GP?,qualifying_results
Who got pole at the Spanish GP?,qualifying_results
What was the qualifying order for the Monaco GP?,qualifying_results
Who got pole at the British GP?,qualifying_results
What was the qualifying order for the Spanish GP?,qualifying_results
Who got pole at the Monaco GP?,qualifying_results
Who got pole at the Monaco GP?,qualifying_results
Who got pole at the British GP?,qualifying_results
What was the qualifying order for the Canadian GP?,qualifying_results
How did qualifying go in the Monaco GP?,qualifying_results
What was the qualifying order for the Spanish GP?,qualifying_results
Who got pole at the Canadian GP?,qualifying_results
Who got pole at the Australian GP?,qualifying_results
What was the qualifying order for the Australian GP?,qualifying_results
What was the qualifying order for the Monaco GP?,qualifying_results
How did qualifying go in the Japanese GP?,qualifying_results
What was the qualifying order for the British GP?,qualifying_results
Who got pole at the Spanish GP?,qualifying_results
What was the qualifying order for the Canadian GP?,qualifying_results
What was the qualifying order for the Monaco GP?,qualifying_results
Who got pole at the Australian GP?,qualifying_results
How did qualifying go in the Spanish GP?,qualifying_results
Who got pole at the Monaco GP?,qualifying_results
How did qualifying go in the Canadian GP?,qualifying_results
Who got pole at the Monaco GP?,qualifying_results
How did qualifying go in the Spanish GP?,qualifying_results
What was the qualifying order for the British GP?,qualifying_results
What was the qualifying order for the Australian GP?,qualifying_results
How did qualifying go in the Monaco GP?,qualifying_results
How did qualifying go in the Canadian GP?,qualifying_results
Who got pole at the British GP?,qualifying_results
How did qualifying go in the British GP?,qualifying_results
How did qualifying go in the Canadian GP?,qualifying_results
Who got pole at the British GP?,qualifying_results
What was the qualifying order for the Australian GP?,qualifying_results
How did qualifying go in the British GP?,qualifying_results
Who got pole at the Canadian GP?,qualifying_results
Who got pole at the Canadian GP?,qualifying_results
How did qualifying go in the British GP?,qualifying_results
What was the qualifying order for the British GP?,qualifying_results
How did qualifying go in the Canadian GP?,qualifying_results
How did qualifying go in the Canadian GP?,qualifying_results
Who got pole at the Australian GP?,qualifying_results
Who got pole at the Japanese GP?,qualifying_results
Who got pole at the Japanese GP?,qualifying_results
Who got pole at the British GP?,qualifying_results
How did qualifying go in the British GP?,qualifying_results
Who got pole at the Spanish GP?,qualifying_results
What was the qualifying order for the Monaco GP?,qualifying_results
What was the qualifying order for the British GP?,qualifying_results
What was the qualifying order for the Monaco GP?,qualifying_results
Who got pole at the Monaco GP?,qualifying_results
What was the qualifying order for the Spanish GP?,qualifying_results
What was the qualifying order for the Japanese GP?,qualifying_results
What was the qualifying order for the Canadian GP?,qualifying_results
What was the qualifying order for the Spanish GP?,qualifying_results
Who got pole at the Australian GP?,qualifying_results
How did qualifying go in the Monaco GP?,qualifying_results
How did qualifying go in the Monaco GP?,qualifying_results
Who got pole at the Australian GP?,qualifying_results
What was the qualifying order for the British GP?,qualifying_results
Who got pole at the Spanish GP?,qualifying_results
Who got pole at the Australian GP?,qualifying_results
How did qualifying go in the Monaco GP?,qualifying_results
How did qualifying go in the Japanese GP?,qualifying_results
What was the qualifying order for the Australian GP?,qualifying_results
Who got pole at the Spanish GP?,qualifying_results
What was the qualifying order for the Japanese GP?,qualifying_results
Who got pole at the Spanish GP?,qualifying_results
How did qualifying go in the Australian GP?,qualifying_results
How did qualifying go in the British GP?,qualifying_results
How did qualifying go in the Monaco GP?,qualifying_results
What was the qualifying order for the Spanish GP?,qualifying_results
Who got pole at the Canadian GP?,qualifying_results
What was the qualifying order for the Japanese GP?,qualifying_results
What was the qualifying order for the Spanish GP?,qualifying_results
What was the qualifying order for the Monaco GP?,qualifying_results
What was the qualifying order for the Canadian GP?,qualifying_results
How did qualifying go in the Japanese GP?,qualifying_results
What was the qualifying order for the Canadian GP?,qualifying_results
What was the qualifying order for the Japanese GP?,qualifying_results
What was the fastest lap time during the Monaco GP?,fastest_laps
Which driver had the best lap in Spanish GP?,fastest_laps
Which driver had the best lap in Spanish GP?,fastest_laps
Who got the fastest lap at the Spanish GP?,fastest_laps
Which driver had the best lap in Spanish GP?,fastest_laps
Which driver had the best lap in Monaco GP?,fastest_laps
Which driver had the best lap in British GP?,fastest_laps
Who got the fastest lap at the British GP?,fastest_laps
What was the fastest lap time during the Monaco GP?,fastest_laps
Which driver had the best lap in Japanese GP?,fastest_laps
What was the fastest lap time during the Australian GP?,fastest_laps
Who got the fastest lap at the Canadian GP?,fastest_laps
Who got the fastest lap at the Spanish GP?,fastest_laps
Which driver had the best lap in Australian GP?,fastest_laps
Which driver had the best lap in Monaco GP?,fastest_laps
Which driver had the best lap in Australian GP?,fastest_laps
Which driver had the best lap in British GP?,fastest_laps
What was the fastest lap time during the Monaco GP?,fastest_laps
Which driver had the best lap in Spanish GP?,fastest_laps
What was the fastest lap time during the Australian GP?,fastest_laps
What was the fastest lap time during the Japanese GP?,fastest_laps
Which driver had the best lap in Canadian GP?,fastest_laps
Who got the fastest lap at the Australian GP?,fastest_laps
What was the fastest lap time during the British GP?,fastest_laps
Who got the fastest lap at the Spanish GP?,fastest_laps
Which driver had the best lap in Japanese GP?,fastest_laps
What was the fastest lap time during the Canadian GP?,fastest_laps
Which driver had the best lap in British GP?,fastest_laps
Who got the fastest lap at the British GP?,fastest_laps
Which driver had the best lap in Monaco GP?,fastest_laps
Which driver had the best lap in Monaco GP?,fastest_laps
What was the fastest lap time during the Australian GP?,fastest_laps
What was the fastest lap time during the Monaco GP?,fastest_laps
What was the fastest lap time during the Monaco GP?,fastest_laps
What was the fastest lap time during the British GP?,fastest_laps
What was the fastest lap time during the Australian GP?,fastest_laps
Who got the fastest lap at the Monaco GP?,fastest_laps
Who got the fastest lap at the Monaco GP?,fastest_laps
What was the fastest lap time during the British GP?,fastest_laps
What was the fastest lap time during the Canadian GP?,fastest_laps
What was the fastest lap time during the Australian GP?,fastest_laps
What was the fastest lap time during the Spanish GP?,fastest_laps
What was the fastest lap time during the Australian GP?,fastest_laps
What was the fastest lap time during the Canadian GP?,fastest_laps
Which driver had the best lap in Spanish GP?,fastest_laps
Who got the fastest lap at the Canadian GP?,fastest_laps
Who got the fastest lap at the Spanish GP?,fastest_laps
What was the fastest lap time during the Japanese GP?,fastest_laps
What was the fastest lap time during the British GP?,fastest_laps
Which driver had the best lap in Monaco GP?,fastest_laps
What was the fastest lap time during the Canadian GP?,fastest_laps
What was the fastest lap time during the Australian GP?,fastest_laps
Who got the fastest lap at the Japanese GP?,fastest_laps
Which driver had the best lap in Monaco GP?,fastest_laps
Who got the fastest lap at the Canadian GP?,fastest_laps
Which driver had the best lap in Monaco GP?,fastest_laps
Which driver had the best lap in Canadian GP?,fastest_laps
What was the fastest lap time during the Canadian GP?,fastest_laps
Which driver had the best lap in Australian GP?,fastest_laps
Who got the fastest lap at the Australian GP?,fastest_laps
What was the fastest lap time during the British GP?,fastest_laps
What was the fastest lap time during the Spanish GP?,fastest_laps
Which driver had the best lap in British GP?,fastest_laps
Which driver had the best lap in Monaco GP?,fastest_laps
Which driver had the best lap in Canadian GP?,fastest_laps
Who got the fastest lap at the Japanese GP?,fastest_laps
Who got the fastest lap at the Spanish GP?,fastest_laps
What was the fastest lap time during the Monaco GP?,fastest_laps
Which driver had the best lap in Monaco GP?,fastest_laps
What was the fastest lap time during the Spanish GP?,fastest_laps
Who got the fastest lap at the Spanish GP?,fastest_laps
Who got the fastest lap at the Japanese GP?,fastest_laps
What was the fastest lap time during the Monaco GP?,fastest_laps
What was the fastest lap time during the Spanish GP?,fastest_laps
What was the fastest lap time during the Australian GP?,fastest_laps
Which driver had the best lap in Monaco GP?,fastest_laps
What was the fastest lap time during the Australian GP?,fastest_laps
What was the fastest lap time during the Japanese GP?,fastest_laps
Who got the fastest lap at the Canadian GP?,fastest_laps
Who got the fastest lap at the Japanese GP?,fastest_laps
What was the fastest lap time during the Monaco GP?,fastest_laps
What was the fastest lap time during the Canadian GP?,fastest_laps
What was the fastest lap time during the Australian GP?,fastest_laps
Which driver had the best lap in British GP?,fastest_laps
What was the fastest lap time during the Japanese GP?,fastest_laps
Who got the fastest lap at the Monaco GP?,fastest_laps
Who got the fastest lap at the Australian GP?,fastest_laps
Which driver had the best lap in British GP?,fastest_laps
Who got the fastest lap at the Japanese GP?,fastest_laps
Which driver had the best lap in British GP?,fastest_laps
Who got the fastest lap at the British GP?,fastest_laps
Who got the fastest lap at the British GP?,fastest_laps
What was the fastest lap time during the Australian GP?,fastest_laps
Who got the fastest lap at the Monaco GP?,fastest_laps
Which driver had the best lap in Japanese GP?,fastest_laps
Which driver had the best lap in Canadian GP?,fastest_laps
What was the fastest lap time during the Japanese GP?,fastest_laps
Who got the fastest lap at the British GP?,fastest_laps
Which driver had the best lap in Japanese GP?,fastest_laps
What was the fastest lap time during the Canadian GP?,fastest_laps
Was Leclerc fast in the British GP?,driver_performance
How did Verstappen do in the Australian GP?,driver_performance
How did Russell do in the Spanish GP?,driver_performance
Was Sainz fast in the Canadian GP?,driver_performance
How did Sainz do in the Canadian GP?,driver_performance
How did Norris do in the Canadian GP?,driver_performance
How did Leclerc do in the Spanish GP?,driver_performance
How did Russell do in the Spanish GP?,driver_performance
Was Leclerc fast in the Spanish GP?,driver_performance
Tell me about Verstappen's performance in Spanish GP.,driver_performance
How did Hamilton do in the Canadian GP?,driver_performance
Tell me about Russell's performance in Canadian GP.,driver_performance
Was Russell fast in the Japanese GP?,driver_performance
How did Leclerc do in the Canadian GP?,driver_performance
Tell me about Verstappen's performance in British GP.,driver_performance
How did Verstappen do in the Japanese GP?,driver_performance
How did Hamilton do in the Australian GP?,driver_performance
Tell me about Leclerc's performance in Monaco GP.,driver_performance
How did Hamilton do in the Australian GP?,driver_performance
How did Hamilton do in the British GP?,driver_performance
Tell me about Verstappen's performance in British GP.,driver_performance
How did Russell do in the British GP?,driver_performance
Was Sainz fast in the British GP?,driver_performance
Was Russell fast in the Monaco GP?,driver_performance
Tell me about Leclerc's performance in Australian GP.,driver_performance
Was Norris fast in the Australian GP?,driver_performance
Was Hamilton fast in the Japanese GP?,driver_performance
Tell me about Verstappen's performance in Monaco GP.,driver_performance
Was Leclerc fast in the Australian GP?,driver_performance
Tell me about Russell's performance in Monaco GP.,driver_performance
Was Hamilton fast in the Spanish GP?,driver_performance
Was Sainz fast in the Canadian GP?,driver_performance
How did Norris do in the Australian GP?,driver_performance
How did Hamilton do in the Canadian GP?,driver_performance
How did Leclerc do in the Canadian GP?,driver_performance
Was Russell fast in the Canadian GP?,driver_performance
Tell me about Norris's performance in Canadian GP.,driver_performance
How did Leclerc do in the Spanish GP?,driver_performance
Was Norris fast in the Spanish GP?,driver_performance
Was Verstappen fast in the Canadian GP?,driver_performance
Was Leclerc fast in the Japanese GP?,driver_performance
How did Leclerc do in the Japanese GP?,driver_performance
How did Sainz do in the Australian GP?,driver_performance
Was Hamilton fast in the Australian GP?,driver_performance
Was Leclerc fast in the Australian GP?,driver_performance
Was Verstappen fast in the Monaco GP?,driver_performance
Tell me about Norris's performance in Japanese GP.,driver_performance
How did Russell do in the Australian GP?,driver_performance
Was Verstappen fast in the Monaco GP?,driver_performance
Tell me about Russell's performance in Japanese GP.,driver_performance
How did Verstappen do in the Australian GP?,driver_performance
Tell me about Hamilton's performance in Spanish GP.,driver_performance
How did Russell do in the Canadian GP?,driver_performance
Was Norris fast in the Monaco GP?,driver_performance
Was Norris fast in the Spanish GP?,driver_performance
How did Leclerc do in the Spanish GP?,driver_performance
Was Sainz fast in the Australian GP?,driver_performance
Tell me about Verstappen's performance in Canadian GP.,driver_performance
Was Russell fast in the British GP?,driver_performance
How did Sainz do in the Japanese GP?,driver_performance
Was Sainz fast in the British GP?,driver_performance
Tell me about Verstappen's performance in Monaco GP.,driver_performance
How did Norris do in the Monaco GP?,driver_performance
How did Norris do in the Canadian GP?,driver_performance
Tell me about Leclerc's performance in Japanese GP.,driver_performance
Tell me about Sainz's performance in Monaco GP.,driver_performance
How did Norris do in the British GP?,driver_performance
How did Leclerc do in the Australian GP?,driver_performance
How did Verstappen do in the Canadian GP?,driver_performance
Was Verstappen fast in the Japanese GP?,driver_performance
Was Russell fast in the Monaco GP?,driver_performance
How did Sainz do in the Monaco GP?,driver_performance
Was Sainz fast in the Monaco GP?,driver_performance
Was Hamilton fast in the British GP?,driver_performance
Tell me about Sainz's performance in Australian GP.,driver_performance
How did Hamilton do in the Australian GP?,driver_performance
Was Verstappen fast in the Australian GP?,driver_performance
How did Russell do in the Japanese GP?,driver_performance
Was Russell fast in the Australian GP?,driver_performance
Tell me about Leclerc's performance in Japanese GP.,driver_performance
Was Russell fast in the Spanish GP?,driver_performance
How did Hamilton do in the Spanish GP?,driver_performance
How did Verstappen do in the Spanish GP?,driver_performance
Was Hamilton fast in the Monaco GP?,driver_performance
Was Hamilton fast in the Japanese GP?,driver_performance
Was Verstappen fast in the British GP?,driver_performance
How did Hamilton do in the Spanish GP?,driver_performance
Tell me about Verstappen's performance in Spanish GP.,driver_performance
How did Verstappen do in the British GP?,driver_performance
How did Sainz do in the Japanese GP?,driver_performance
Tell me about Russell's performance in Monaco GP.,driver_performance
Was Verstappen fast in the British GP?,driver_performance
Was Sainz fast in the Canadian GP?,driver_performance
How did Verstappen do in the Canadian GP?,driver_performance
Tell me about Sainz's performance in Monaco GP.,driver_performance
Tell me about Russell's performance in Spanish GP.,driver_performance
Tell me about Russell's performance in British GP.,driver_performance
Tell me about Sainz's performance in Spanish GP.,driver_performance
Was Verstappen fast in the Spanish GP?,driver_performance
How did Verstappen do in the Japanese GP?,driver_performance
How strong was Aston Martin at the Japanese GP?,team_performance
What was Ferrari's result at the Canadian GP?,team_performance
What was Ferrari's result at the Monaco GP?,team_performance
How did Red Bull perform in the Monaco GP?,team_performance
How did Red Bull perform in the Spanish GP?,team_performance
How strong was Red Bull at the Japanese GP?,team_performance
How did McLaren perform in the Australian GP?,team_performance
How did McLaren perform in the Spanish GP?,team_performance
How did Aston Martin perform in the Canadian GP?,team_performance
How did McLaren perform in the Monaco GP?,team_performance
What was Aston Martin's result at the Spanish GP?,team_performance
How strong was Mercedes at the Monaco GP?,team_performance
How did Red Bull perform in the Japanese GP?,team_performance
What was Ferrari's result at the Canadian GP?,team_performance
What was Aston Martin's result at the British GP?,team_performance
What was Mercedes's result at the Australian GP?,team_performance
How did Aston Martin perform in the Spanish GP?,team_performance
How strong was Red Bull at the Australian GP?,team_performance
What was Ferrari's result at the British GP?,team_performance
What was Red Bull's result at the Australian GP?,team_performance
What was Aston Martin's result at the British GP?,team_performance
What was Ferrari's result at the Spanish GP?,team_performance
What was Ferrari's result at the Monaco GP?,team_performance
How did Red Bull perform in the Canadian GP?,team_performance
How did Mercedes perform in the British GP?,team_performance
What was Mercedes's result at the Spanish GP?,team_performance
How strong was McLaren at the British GP?,team_performance
How strong was Red Bull at the Australian GP?,team_performance
What was Ferrari's result at the British GP?,team_performance
How strong was Aston Martin at the Japanese GP?,team_performance
How did McLaren perform in the Japanese GP?,team_performance
How strong was Mercedes at the Spanish GP?,team_performance
How did Red Bull perform in the Monaco GP?,team_performance
How strong was Ferrari at the Spanish GP?,team_performance
How did Aston Martin perform in the Canadian GP?,team_performance
How did Mercedes perform in the Japanese GP?,team_performance
What was Mercedes's result at the Monaco GP?,team_performance
How strong was Ferrari at the Japanese GP?,team_performance
How strong was Ferrari at the British GP?,team_performance
What was Aston Martin's result at the Australian GP?,team_performance
What was Red Bull's result at the Spanish GP?,team_performance
How did Aston Martin perform in the British GP?,team_performance
How strong was Ferrari at the British GP?,team_performance
What was McLaren's result at the Australian GP?,team_performance
How did McLaren perform in the British GP?,team_performance
How strong was McLaren at the Monaco GP?,team_performance
How did Aston Martin perform in the Japanese GP?,team_performance
What was Aston Martin's result at the Japanese GP?,team_performance
How did Aston Martin perform in the Australian GP?,team_performance
What was Red Bull's result at the Japanese GP?,team_performance
How strong was Ferrari at the Monaco GP?,team_performance
What was Red Bull's result at the Monaco GP?,team_performance
What was Ferrari's result at the Spanish GP?,team_performance
How did Red Bull perform in the Canadian GP?,team_performance
How did Red Bull perform in the Japanese GP?,team_performance
How did Aston Martin perform in the Japanese GP?,team_performance
How strong was Aston Martin at the British GP?,team_performance
What was Mercedes's result at the Japanese GP?,team_performance
What was Aston Martin's result at the Monaco GP?,team_performance
How strong was Mercedes at the British GP?,team_performance
What was Ferrari's result at the Monaco GP?,team_performance
How did McLaren perform in the Australian GP?,team_performance
How did Mercedes perform in the Canadian GP?,team_performance
How strong was Ferrari at the Australian GP?,team_performance
How did McLaren perform in the Canadian GP?,team_performance
How did Red Bull perform in the Canadian GP?,team_performance
How did Mercedes perform in the British GP?,team_performance
What was Aston Martin's result at the Spanish GP?,team_performance
How strong was Ferrari at the Spanish GP?,team_performance
What was Mercedes's result at the Canadian GP?,team_performance
How did Ferrari perform in the Monaco GP?,team_performance
How strong was Mercedes at the Canadian GP?,team_performance
How strong was McLaren at the Japanese GP?,team_performance
How did Red Bull perform in the Canadian GP?,team_performance
How did Red Bull perform in the Spanish GP?,team_performance
What was Ferrari's result at the Canadian GP?,team_performance
How did Ferrari perform in the Monaco GP?,team_performance
What was Aston Martin's result at the British GP?,team_performance
How did Mercedes perform in the Australian GP?,team_performance
How strong was Aston Martin at the Canadian GP?,team_performance
How strong was Mercedes at the Spanish GP?,team_performance
How did McLaren perform in the Australian GP?,team_performance
How strong was Mercedes at the British GP?,team_performance
How did Aston Martin perform in the Japanese GP?,team_performance
What was Aston Martin's result at the Canadian GP?,team_performance
How did Red Bull perform in the British GP?,team_performance
How did Aston Martin perform in the Monaco GP?,team_performance
How strong was Mercedes at the British GP?,team_performance
How strong was Red Bull at the Japanese GP?,team_performance
What was Aston Martin's result at the Japanese GP?,team_performance
How did Ferrari perform in the British GP?,team_performance
How strong was Red Bull at the Spanish GP?,team_performance
What was Red Bull's result at the Australian GP?,team_performance
How strong was Red Bull at the Australian GP?,team_performance
How strong was Aston Martin at the Japanese GP?,team_performance
How did Aston Martin perform in the Japanese GP?,team_performance
What was Red Bull's result at the Japanese GP?,team_performance
How did McLaren perform in the Spanish GP?,team_performance
What was Aston Martin's result at the Canadian GP?,team_performance
What was Mercedes's result at the Monaco GP?,team_performance
What were the biggest overtakes during the Japanese GP?,position_changes
What were the biggest overtakes during the Canadian GP?,position_changes
Who gained the most positions in the Spanish GP?,position_changes
What were the biggest overtakes during the Japanese GP?,position_changes
Which drivers lost places in the Monaco GP?,position_changes
Who gained the most positions in the Japanese GP?,position_changes
Who gained the most positions in the Australian GP?,position_changes
What were the biggest overtakes during the Monaco GP?,position_changes
Who gained the most positions in the British GP?,position_changes
What were the biggest overtakes during the Spanish GP?,position_changes
Which drivers lost places in the Japanese GP?,position_changes
Who gained the most positions in the Monaco GP?,position_changes
Who gained the most positions in the Australian GP?,position_changes
What were the biggest overtakes during the Monaco GP?,position_changes
Which drivers lost places in the Spanish GP?,position_changes
What were the biggest overtakes during the Australian GP?,position_changes
Which drivers lost places in the Spanish GP?,position_changes
What were the biggest overtakes during the Monaco GP?,position_changes
What were the biggest overtakes during the Spanish GP?,position_changes
Who gained the most positions in the Canadian GP?,position_changes
Which drivers lost places in the Australian GP?,position_changes
What were the biggest overtakes during the Monaco GP?,position_changes
What were the biggest overtakes during the Australian GP?,position_changes
Who gained the most positions in the British GP?,position_changes
What were the biggest overtakes during the Japanese GP?,position_changes
What were the biggest overtakes during the Canadian GP?,position_changes
Which drivers lost places in the Spanish GP?,position_changes
Who gained the most positions in the British GP?,position_changes
Who gained the most positions in the Australian GP?,position_changes
Who gained the most positions in the Canadian GP?,position_changes
What were the biggest overtakes during the Canadian GP?,position_changes
Which drivers lost places in the Japanese GP?,position_changes
Who gained the most positions in the Japanese GP?,position_changes
Who gained the most positions in the Canadian GP?,position_changes
Which drivers lost places in the British GP?,position_changes
What were the biggest overtakes during the Monaco GP?,position_changes
What were the biggest overtakes during the Monaco GP?,position_changes
Who gained the most positions in the Monaco GP?,position_changes
Which drivers lost places in the Monaco GP?,position_changes
Who gained the most positions in the Canadian GP?,position_changes
Who gained the most positions in the Spanish GP?,position_changes
What were the biggest overtakes during the Australian GP?,position_changes
What were the biggest overtakes during the Japanese GP?,position_changes
What were the biggest overtakes during the Spanish GP?,position_changes
Who gained the most positions in the Spanish GP?,position_changes
What were the biggest overtakes during the Australian GP?,position_changes
Which drivers lost places in the Monaco GP?,position_changes
Which drivers lost places in the Spanish GP?,position_changes
Which drivers lost places in the Monaco GP?,position_changes
What were the biggest overtakes during the Spanish GP?,position_changes
Which drivers lost places in the Japanese GP?,position_changes
What were the biggest overtakes during the Monaco GP?,position_changes
Who gained the most positions in the British GP?,position_changes
Who gained the most positions in the Japanese GP?,position_changes
Who gained the most positions in the British GP?,position_changes
What were the biggest overtakes during the Spanish GP?,position_changes
Who gained the most positions in the Canadian GP?,position_changes
What were the biggest overtakes during the Spanish GP?,position_changes
Who gained the most positions in the Monaco GP?,position_changes
What were the biggest overtakes during the Australian GP?,position_changes
Which drivers lost places in the Japanese GP?,position_changes
Who gained the most positions in the Japanese GP?,position_changes
Who gained the most positions in the Australian GP?,position_changes
What were the biggest overtakes during the British GP?,position_changes
Who gained the most positions in the Spanish GP?,position_changes
Which drivers lost places in the Canadian GP?,position_changes
Who gained the most positions in the British GP?,position_changes
What were the biggest overtakes during the Spanish GP?,position_changes
Which drivers lost places in the Monaco GP?,position_changes
Who gained the most positions in the Japanese GP?,position_changes
What were the biggest overtakes during the Canadian GP?,position_changes
Who gained the most positions in the Monaco GP?,position_changes
Who gained the most positions in the Australian GP?,position_changes
Which drivers lost places in the British GP?,position_changes
What were the biggest overtakes during the Australian GP?,position_changes
What were the biggest overtakes during the Monaco GP?,position_changes
What were the biggest overtakes during the Australian GP?,position_changes
What were the biggest overtakes during the British GP?,position_changes
What were the biggest overtakes during the Monaco GP?,position_changes
What were the biggest overtakes during the Japanese GP?,position_changes
Who gained the most positions in the Spanish GP?,position_changes
Who gained the most positions in the Monaco GP?,position_changes
Which drivers lost places in the Monaco GP?,position_changes
Who gained the most positions in the Spanish GP?,position_changes
Which drivers lost places in the Australian GP?,position_changes
Who gained the most positions in the British GP?,position_changes
Which drivers lost places in the Spanish GP?,position_changes
What were the biggest overtakes during the Spanish GP?,position_changes
Who gained the most positions in the Spanish GP?,position_changes
Which drivers lost places in the Australian GP?,position_changes
Which drivers lost places in the Australian GP?,position_changes
Who gained the most positions in the Monaco GP?,position_changes
What were the biggest overtakes during the Canadian GP?,position_changes
What were the biggest overtakes during the Australian GP?,position_changes
Who gained the most positions in the Australian GP?,position_changes
Which drivers lost places in the Monaco GP?,position_changes
What were the biggest overtakes during the Monaco GP?,position_changes
Who gained the most positions in the Canadian GP?,position_changes
Who gained the most positions in the Japanese GP?,position_changes
What were the biggest overtakes during the Monaco GP?,position_changes
Who managed their tires best in the Canadian GP?,tire_strategy
Who managed their tires best in the Monaco GP?,tire_strategy
Who managed their tires best in the British GP?,tire_strategy
Who managed their tires best in the Canadian GP?,tire_strategy
Who managed their tires best in the Japanese GP?,tire_strategy
Who managed their tires best in the Spanish GP?,tire_strategy
What compounds did the drivers run during the Australian GP?,tire_strategy
What compounds did the drivers run during the British GP?,tire_strategy
What tire strategy did McLaren use?,tire_strategy
Who managed their tires best in the Monaco GP?,tire_strategy
What compounds did the drivers run during the Australian GP?,tire_strategy
What tire strategy did McLaren use?,tire_strategy
What tire strategy did Aston Martin use?,tire_strategy
What tire strategy did Aston Martin use?,tire_strategy
Who managed their tires best in the Australian GP?,tire_strategy
Who managed their tires best in the Japanese GP?,tire_strategy
What tire strategy did Red Bull use?,tire_strategy
What tire strategy did McLaren use?,tire_strategy
Who managed their tires best in the Spanish GP?,tire_strategy
What tire strategy did Mercedes use?,tire_strategy
What compounds did the drivers run during the Spanish GP?,tire_strategy
What compounds did the drivers run during the Monaco GP?,tire_strategy
What tire strategy did Mercedes use?,tire_strategy
Who managed their tires best in the Spanish GP?,tire_strategy
What tire strategy did Aston Martin use?,tire_strategy
What compounds did the drivers run during the Monaco GP?,tire_strategy
What tire strategy did Ferrari use?,tire_strategy
What compounds did the drivers run during the Australian GP?,tire_strategy
What compounds did the drivers run during the Spanish GP?,tire_strategy
What tire strategy did McLaren use?,tire_strategy
Who managed their tires best in the British GP?,tire_strategy
What tire strategy did Mercedes use?,tire_strategy
What compounds did the drivers run during the Australian GP?,tire_strategy
What tire strategy did Aston Martin use?,tire_strategy
What compounds did the drivers run during the Monaco GP?,tire_strategy
Who managed their tires best in the Japanese GP?,tire_strategy
Who managed their tires best in the Australian GP?,tire_strategy
What tire strategy did Ferrari use?,tire_strategy
What tire strategy did Red Bull use?,tire_strategy
What tire strategy did McLaren use?,tire_strategy
Who managed their tires best in the Australian GP?,tire_strategy
What tire strategy did Red Bull use?,tire_strategy
What compounds did the drivers run during the Spanish GP?,tire_strategy
What tire strategy did Aston Martin use?,tire_strategy
What compounds did the drivers run during the British GP?,tire_strategy
What tire strategy did Red Bull use?,tire_strategy
What tire strategy did Aston Martin use?,tire_strategy
Who managed their tires best in the Spanish GP?,tire_strategy
What compounds did the drivers run during the Australian GP?,tire_strategy
What compounds did the drivers run during the Monaco GP?,tire_strategy
What compounds did the drivers run during the British GP?,tire_strategy
What tire strategy did McLaren use?,tire_strategy
What tire strategy did Ferrari use?,tire_strategy
What tire strategy did McLaren use?,tire_strategy
What tire strategy did Red Bull use?,tire_strategy
Who managed their tires best in the Monaco GP?,tire_strategy
What tire strategy did Red Bull use?,tire_strategy
What compounds did the drivers run during the Japanese GP?,tire_strategy
What tire strategy did Ferrari use?,tire_strategy
Who managed their tires best in the Australian GP?,tire_strategy
What tire strategy did Ferrari use?,tire_strategy
What compounds did the drivers run during the Spanish GP?,tire_strategy
Who managed their tires best in the Australian GP?,tire_strategy
Who managed their tires best in the Canadian GP?,tire_strategy
What compounds did the drivers run during the Canadian GP?,tire_strategy
What compounds did the drivers run during the Japanese GP?,tire_strategy
Who managed their tires best in the Canadian GP?,tire_strategy
What compounds did the drivers run during the Australian GP?,tire_strategy
Who managed their tires best in the Canadian GP?,tire_strategy
Who managed their tires best in the Monaco GP?,tire_strategy
What compounds did the drivers run during the Australian GP?,tire_strategy
What compounds did the drivers run during the Australian GP?,tire_strategy
What tire strategy did McLaren use?,tire_strategy
What compounds did the drivers run during the Monaco GP?,tire_strategy
Who managed their tires best in the Spanish GP?,tire_strategy
Who managed their tires best in the Australian GP?,tire_strategy
What compounds did the drivers run during the British GP?,tire_strategy
What compounds did the drivers run during the Monaco GP?,tire_strategy
Who managed their tires best in the Canadian GP?,tire_strategy
Who managed their tires best in the British GP?,tire_strategy
What tire strategy did Aston Martin use?,tire_strategy
What tire strategy did Red Bull use?,tire_strategy
Who managed their tires best in the Canadian GP?,tire_strategy
Who managed their tires best in the Australian GP?,tire_strategy
Who managed their tires best in the Monaco GP?,tire_strategy
Who managed their tires best in the Spanish GP?,tire_strategy
What tire strategy did McLaren use?,tire_strategy
Who managed their tires best in the Australian GP?,tire_strategy
What compounds did the drivers run during the Australian GP?,tire_strategy
Who managed their tires best in the British GP?,tire_strategy
What compounds did the drivers run during the Japanese GP?,tire_strategy
Who managed their tires best in the Australian GP?,tire_strategy
What compounds did the drivers run during the Canadian GP?,tire_strategy
What compounds did the drivers run during the Monaco GP?,tire_strategy
What tire strategy did McLaren use?,tire_strategy
What compounds did the drivers run during the Spanish GP?,tire_strategy
What compounds did the drivers run during the Canadian GP?,tire_strategy
What tire strategy did Ferrari use?,tire_strategy
Who managed their tires best in the Japanese GP?,tire_strategy
What compounds did the drivers run during the Spanish GP?,tire_strategy
What was the fastest pit stop in the Monaco GP?,pit_stops
What was the fastest pit stop in the Japanese GP?,pit_stops
How many pit stops did Verstappen make?,pit_stops
How many pit stops did Hamilton make?,pit_stops
How many pit stops did Verstappen make?,pit_stops
How many pit stops did Russell make?,pit_stops
How many pit stops did Leclerc make?,pit_stops
How many pit stops did Russell make?,pit_stops
How many pit stops did Sainz make?,pit_stops
How long were pit stops on average in Australian GP?,pit_stops
How many pit stops did Norris make?,pit_stops
How many pit stops did Verstappen make?,pit_stops
What was the fastest pit stop in the Spanish GP?,pit_stops
What was the fastest pit stop in the Australian GP?,pit_stops
How many pit stops did Hamilton make?,pit_stops
How many pit stops did Leclerc make?,pit_stops
How many pit stops did Hamilton make?,pit_stops
How long were pit stops on average in Japanese GP?,pit_stops
How long were pit stops on average in Monaco GP?,pit_stops
How long were pit stops on average in Monaco GP?,pit_stops
What was the fastest pit stop in the British GP?,pit_stops
What was the fastest pit stop in the Canadian GP?,pit_stops
How long were pit stops on average in Spanish GP?,pit_stops
How long were pit stops on average in Japanese GP?,pit_stops
How many pit stops did Hamilton make?,pit_stops
How many pit stops did Verstappen make?,pit_stops
How long were pit stops on average in Spanish GP?,pit_stops
How long were pit stops on average in British GP?,pit_stops
How many pit stops did Russell make?,pit_stops
How many pit stops did Leclerc make?,pit_stops
What was the fastest pit stop in the Monaco GP?,pit_stops
How long were pit stops on average in Australian GP?,pit_stops
How many pit stops did Norris make?,pit_stops
How long were pit stops on average in British GP?,pit_stops
How many pit stops did Russell make?,pit_stops
What was the fastest pit stop in the Canadian GP?,pit_stops
What was the fastest pit stop in the Japanese GP?,pit_stops
How many pit stops did Russell make?,pit_stops
How long were pit stops on average in Monaco GP?,pit_stops
How many pit stops did Sainz make?,pit_stops
How long were pit stops on average in Japanese GP?,pit_stops
What was the fastest pit stop in the British GP?,pit_stops
How long were pit stops on average in Spanish GP?,pit_stops
What was the fastest pit stop in the Spanish GP?,pit_stops
What was the fastest pit stop in the Spanish GP?,pit_stops
What was the fastest pit stop in the Monaco GP?,pit_stops
What was the fastest pit stop in the Spanish GP?,pit_stops
How many pit stops did Sainz make?,pit_stops
What was the fastest pit stop in the Canadian GP?,pit_stops
How long were pit stops on average in Canadian GP?,pit_stops
How long were pit stops on average in Canadian GP?,pit_stops
How long were pit stops on average in Australian GP?,pit_stops
How many pit stops did Leclerc make?,pit_stops
What was the fastest pit stop in the Spanish GP?,pit_stops
How long were pit stops on average in Spanish GP?,pit_stops
How long were pit stops on average in Monaco GP?,pit_stops
How many pit stops did Leclerc make?,pit_stops
What was the fastest pit stop in the Monaco GP?,pit_stops
What was the fastest pit stop in the Japanese GP?,pit_stops
How long were pit stops on average in British GP?,pit_stops
How many pit stops did Sainz make?,pit_stops
What was the fastest pit stop in the Australian GP?,pit_stops
How long were pit stops on average in British GP?,pit_stops
How long were pit stops on average in Australian GP?,pit_stops
What was the fastest pit stop in the Canadian GP?,pit_stops
What was the fastest pit stop in the Canadian GP?,pit_stops
What was the fastest pit stop in the Monaco GP?,pit_stops
What was the fastest pit stop in the Spanish GP?,pit_stops
How long were pit stops on average in Canadian GP?,pit_stops
How long were pit stops on average in British GP?,pit_stops
How many pit stops did Norris make?,pit_stops
What was the fastest pit stop in the Australian GP?,pit_stops
What was the fastest pit stop in the British GP?,pit_stops
What was the fastest pit stop in the Spanish GP?,pit_stops
What was the fastest pit stop in the Monaco GP?,pit_stops
How many pit stops did Hamilton make?,pit_stops
How long were pit stops on average in Canadian GP?,pit_stops
How many pit stops did Russell make?,pit_stops
How long were pit stops on average in Australian GP?,pit_stops
What was the fastest pit stop in the Japanese GP?,pit_stops
How many pit stops did Norris make?,pit_stops
How long were pit stops on average in Spanish GP?,pit_stops
What was the fastest pit stop in the Japanese GP?,pit_stops
What was the fastest pit stop in the Spanish GP?,pit_stops
How long were pit stops on average in Australian GP?,pit_stops
How long were pit stops on average in Spanish GP?,pit_stops
How many pit stops did Norris make?,pit_stops
What was the fastest pit stop in the Canadian GP?,pit_stops
What was the fastest pit stop in the Japanese GP?,pit_stops
How long were pit stops on average in Spanish GP?,pit_stops
How long were pit stops on average in Japanese GP?,pit_stops
How many pit stops did Russell make?,pit_stops
How many pit stops did Norris make?,pit_stops
How long were pit stops on average in Spanish GP?,pit_stops
How many pit stops did Hamilton make?,pit_stops
How long were pit stops on average in Japanese GP?,pit_stops
How long were pit stops on average in Monaco GP?,pit_stops
How long were pit stops on average in Spanish GP?,pit_stops
How many pit stops did Verstappen make?,pit_stops
How many pit stops did Russell make?,pit_stops
What were the lap times like during the British GP?,lap_times
What were the lap times like during the British GP?,lap_times
What were the lap times like during the British GP?,lap_times
What were the lap times like during the Japanese GP?,lap_times
Compare Verstappen and Leclerc's lap times in Australian GP.,lap_times
What were the lap times like during the British GP?,lap_times
What were the lap times like during the Australian GP?,lap_times
What were the lap times like during the Australian GP?,lap_times
Who was most consistent with lap times in the British GP?,lap_times
Who was most consistent with lap times in the Canadian GP?,lap_times
Who was most consistent with lap times in the Spanish GP?,lap_times
What were the lap times like during the British GP?,lap_times
Who was most consistent with lap times in the Monaco GP?,lap_times
Who was most consistent with lap times in the British GP?,lap_times
Compare Leclerc and Verstappen's lap times in Japanese GP.,lap_times
Compare Norris and Verstappen's lap times in Monaco GP.,lap_times
What were the lap times like during the Spanish GP?,lap_times
What were the lap times like during the Monaco GP?,lap_times
Compare Verstappen and Russell's lap times in Canadian GP.,lap_times
What were the lap times like during the Canadian GP?,lap_times
What were the lap times like during the British GP?,lap_times
Compare Hamilton and Leclerc's lap times in Spanish GP.,lap_times
Compare Leclerc and Sainz's lap times in Monaco GP.,lap_times
Who was most consistent with lap times in the British GP?,lap_times
Who was most consistent with lap times in the Spanish GP?,lap_times
Compare Norris and Hamilton's lap times in Monaco GP.,lap_times
What were the lap times like during the Japanese GP?,lap_times
Compare Leclerc and Norris's lap times in Japanese GP.,lap_times
Who was most consistent with lap times in the Spanish GP?,lap_times
Who was most consistent with lap times in the Canadian GP?,lap_times
Compare Norris and Russell's lap times in Canadian GP.,lap_times
What were the lap times like during the Monaco GP?,lap_times
What were the lap times like during the Canadian GP?,lap_times
Who was most consistent with lap times in the Japanese GP?,lap_times
Compare Hamilton and Sainz's lap times in Canadian GP.,lap_times
Who was most consistent with lap times in the Canadian GP?,lap_times
What were the lap times like during the Spanish GP?,lap_times
Compare Norris and Sainz's lap times in British GP.,lap_times
What were the lap times like during the Spanish GP?,lap_times
What were the lap times like during the Spanish GP?,lap_times
What were the lap times like during the Spanish GP?,lap_times
What were the lap times like during the Japanese GP?,lap_times
Who was most consistent with lap times in the Spanish GP?,lap_times
Compare Russell and Sainz's lap times in Spanish GP.,lap_times
Who was most consistent with lap times in the British GP?,lap_times
What were the lap times like during the Australian GP?,lap_times
Compare Sainz and Leclerc's lap times in Japanese GP.,lap_times
What were the lap times like during the Australian GP?,lap_times
Who was most consistent with lap times in the Canadian GP?,lap_times
Compare Sainz and Norris's lap times in Spanish GP.,lap_times
Who was most consistent with lap times in the Spanish GP?,lap_times
Compare Russell and Norris's lap times in Canadian GP.,lap_times
Who was most consistent with lap times in the Canadian GP?,lap_times
Compare Russell and Verstappen's lap times in British GP.,lap_times
Who was most consistent with lap times in the Japanese GP?,lap_times
Who was most consistent with lap times in the Canadian GP?,lap_times
What were the lap times like during the Japanese GP?,lap_times
Compare Sainz and Leclerc's lap times in Japanese GP.,lap_times
Who was most consistent with lap times in the Monaco GP?,lap_times
What were the lap times like during the Monaco GP?,lap_times
What were the lap times like during the British GP?,lap_times
Who was most consistent with lap times in the Monaco GP?,lap_times
Who was most consistent with lap times in the Japanese GP?,lap_times
Who was most consistent with lap times in the Monaco GP?,lap_times
Who was most consistent with lap times in the Australian GP?,lap_times
Who was most consistent with lap times in the Canadian GP?,lap_times
Who was most consistent with lap times in the Japanese GP?,lap_times
Who was most consistent with lap times in the Australian GP?,lap_times
What were the lap times like during the Canadian GP?,lap_times
Who was most consistent with lap times in the Canadian GP?,lap_times
Compare Hamilton and Leclerc's lap times in Monaco GP.,lap_times
What were the lap times like during the Japanese GP?,lap_times
Who was most consistent with lap times in the Canadian GP?,lap_times
Who was most consistent with lap times in the Monaco GP?,lap_times
Compare Russell and Hamilton's lap times in British GP.,lap_times
What were the lap times like during the Australian GP?,lap_times
What were the lap times like during the Canadian GP?,lap_times
Compare Russell and Sainz's lap times in British GP.,lap_times
Compare Norris and Leclerc's lap times in British GP.,lap_times
What were the lap times like during the Spanish GP?,lap_times
Compare Russell and Leclerc's lap times in British GP.,lap_times
What were the lap times like during the Spanish GP?,lap_times
Who was most consistent with lap times in the Canadian GP?,lap_times
Who was most consistent with lap times in the Australian GP?,lap_times
Who was most consistent with lap times in the Australian GP?,lap_times
Who was most consistent with lap times in the Monaco GP?,lap_times
What were the lap times like during the Monaco GP?,lap_times
Who was most consistent with lap times in the Monaco GP?,lap_times
What were the lap times like during the Japanese GP?,lap_times
What were the lap times like during the British GP?,lap_times
What were the lap times like during the British GP?,lap_times
Who was most consistent with lap times in the Canadian GP?,lap_times
Compare Leclerc and Norris's lap times in Monaco GP.,lap_times
Who was most consistent with lap times in the Monaco GP?,lap_times
What were the lap times like during the Monaco GP?,lap_times
Who was most consistent with lap times in the Japanese GP?,lap_times
Compare Hamilton and Leclerc's lap times in Canadian GP.,lap_times
Compare Russell and Leclerc's lap times in Monaco GP.,lap_times
What were the lap times like during the British GP?,lap_times
Who was most consistent with lap times in the Canadian GP?,lap_times
Was the Canadian GP held in wet or dry conditions?,weather_conditions
Was the Spanish GP held in wet or dry conditions?,weather_conditions
What was the weather like at the Canadian GP?,weather_conditions
What was the weather like at the Japanese GP?,weather_conditions
Was the Canadian GP held in wet or dry conditions?,weather_conditions
Was the Australian GP held in wet or dry conditions?,weather_conditions
What was the weather like at the Spanish GP?,weather_conditions
Did it rain during the Monaco GP?,weather_conditions
What was the weather like at the Monaco GP?,weather_conditions
Was the Spanish GP held in wet or dry conditions?,weather_conditions
What was the weather like at the Japanese GP?,weather_conditions
Did it rain during the British GP?,weather_conditions
Did it rain during the Canadian GP?,weather_conditions
Did it rain during the British GP?,weather_conditions
Was the British GP held in wet or dry conditions?,weather_conditions
Did it rain during the British GP?,weather_conditions
What was the weather like at the British GP?,weather_conditions
Did it rain during the Japanese GP?,weather_conditions
Did it rain during the British GP?,weather_conditions
Did it rain during the Canadian GP?,weather_conditions
Did it rain during the Australian GP?,weather_conditions
Did it rain during the Australian GP?,weather_conditions
What was the weather like at the British GP?,weather_conditions
Was the Spanish GP held in wet or dry conditions?,weather_conditions
Did it rain during the Japanese GP?,weather_conditions
What was the weather like at the Monaco GP?,weather_conditions
What was the weather like at the Australian GP?,weather_conditions
What was the weather like at the Japanese GP?,weather_conditions
Did it rain during the British GP?,weather_conditions
What was the weather like at the Spanish GP?,weather_conditions
What was the weather like at the Australian GP?,weather_conditions
Did it rain during the Spanish GP?,weather_conditions
What was the weather like at the Japanese GP?,weather_conditions
Did it rain during the British GP?,weather_conditions
Was the Japanese GP held in wet or dry conditions?,weather_conditions
Was the Canadian GP held in wet or dry conditions?,weather_conditions
What was the weather like at the Monaco GP?,weather_conditions
Was the Canadian GP held in wet or dry conditions?,weather_conditions
What was the weather like at the Spanish GP?,weather_conditions
Was the Spanish GP held in wet or dry conditions?,weather_conditions
What was the weather like at the Canadian GP?,weather_conditions
Did it rain during the Spanish GP?,weather_conditions
What was the weather like at the Spanish GP?,weather_conditions
Was the Monaco GP held in wet or dry conditions?,weather_conditions
Was the Monaco GP held in wet or dry conditions?,weather_conditions
Was the Spanish GP held in wet or dry conditions?,weather_conditions
Was the British GP held in wet or dry conditions?,weather_conditions
Did it rain during the Australian GP?,weather_conditions
Was the British GP held in wet or dry conditions?,weather_conditions
Did it rain during the Canadian GP?,weather_conditions
Was the Spanish GP held in wet or dry conditions?,weather_conditions
Did it rain during the Canadian GP?,weather_conditions
Did it rain during the Japanese GP?,weather_conditions
What was the weather like at the Australian GP?,weather_conditions
What was the weather like at the Canadian GP?,weather_conditions
What was the weather like at the British GP?,weather_conditions
Did it rain during the Spanish GP?,weather_conditions
Was the Japanese GP held in wet or dry conditions?,weather_conditions
What was the weather like at the Canadian GP?,weather_conditions
Did it rain during the Australian GP?,weather_conditions
Was the Canadian GP held in wet or dry conditions?,weather_conditions
What was the weather like at the Canadian GP?,weather_conditions
What was the weather like at the Australian GP?,weather_conditions
Did it rain during the Spanish GP?,weather_conditions
Did it rain during the Australian GP?,weather_conditions
Did it rain during the Canadian GP?,weather_conditions
What was the weather like at the Spanish GP?,weather_conditions
Was the Japanese GP held in wet or dry conditions?,weather_conditions
Was the Spanish GP held in wet or dry conditions?,weather_conditions
Did it rain during the Japanese GP?,weather_conditions
Did it rain during the British GP?,weather_conditions
Did it rain during the Spanish GP?,weather_conditions
Was the Australian GP held in wet or dry conditions?,weather_conditions
What was the weather like at the Japanese GP?,weather_conditions
Was the Canadian GP held in wet or dry conditions?,weather_conditions
Did it rain during the Monaco GP?,weather_conditions
Did it rain during the Spanish GP?,weather_conditions
What was the weather like at the Monaco GP?,weather_conditions
Did it rain during the Japanese GP?,weather_conditions
Did it rain during the Monaco GP?,weather_conditions
What was the weather like at the Monaco GP?,weather_conditions
Did it rain during the Australian GP?,weather_conditions
Did it rain during the Monaco GP?,weather_conditions
Did it rain during the British GP?,weather_conditions
Was the Monaco GP held in wet or dry conditions?,weather_conditions
Did it rain during the British GP?,weather_conditions
Did it rain during the Spanish GP?,weather_conditions
Was the Spanish GP held in wet or dry conditions?,weather_conditions
Was the Monaco GP held in wet or dry conditions?,weather_conditions
Did it rain during the Australian GP?,weather_conditions
What was the weather like at the British GP?,weather_conditions
What was the weather like at the Australian GP?,weather_conditions
What was the weather like at the Australian GP?,weather_conditions
What was the weather like at the Canadian GP?,weather_conditions
Did it rain during the Australian GP?,weather_conditions
What was the weather like at the Spanish GP?,weather_conditions
Did it rain during the British GP?,weather_conditions
Did it rain during the Monaco GP?,weather_conditions
Did it rain during the Monaco GP?,weather_conditions
Did it rain during the Canadian GP?,weather_conditions
Who received penalties in the British GP?,race_control
Who received penalties in the Canadian GP?,race_control
How many DNFs occurred in the Spanish GP?,race_control
How many DNFs occurred in the Australian GP?,race_control
Who received penalties in the Canadian GP?,race_control
How many DNFs occurred in the Spanish GP?,race_control
Who received penalties in the Spanish GP?,race_control
How many DNFs occurred in the Japanese GP?,race_control
How many DNFs occurred in the Japanese GP?,race_control
How many DNFs occurred in the British GP?,race_control
Who received penalties in the Canadian GP?,race_control
How many DNFs occurred in the British GP?,race_control
Were there any safety cars in the Canadian GP?,race_control
Who received penalties in the Spanish GP?,race_control
Were there any safety cars in the British GP?,race_control
Who received penalties in the Monaco GP?,race_control
Were there any safety cars in the Canadian GP?,race_control
Were there any safety cars in the Australian GP?,race_control
Were there any safety cars in the Australian GP?,race_control
How many DNFs occurred in the Spanish GP?,race_control
How many DNFs occurred in the Canadian GP?,race_control
How many DNFs occurred in the Spanish GP?,race_control
Who received penalties in the British GP?,race_control
Who received penalties in the British GP?,race_control
Were there any safety cars in the Spanish GP?,race_control
Who received penalties in the Japanese GP?,race_control
How many DNFs occurred in the Monaco GP?,race_control
How many DNFs occurred in the British GP?,race_control
Were there any safety cars in the British GP?,race_control
Were there any safety cars in the Spanish GP?,race_control
Were there any safety cars in the Canadian GP?,race_control
Were there any safety cars in the Japanese GP?,race_control
Who received penalties in the Japanese GP?,race_control
Who received penalties in the Canadian GP?,race_control
Were there any safety cars in the Australian GP?,race_control
Were there any safety cars in the Spanish GP?,race_control
Were there any safety cars in the Monaco GP?,race_control
Were there any safety cars in the British GP?,race_control
Were there any safety cars in the British GP?,race_control
Were there any safety cars in the Monaco GP?,race_control
How many DNFs occurred in the Monaco GP?,race_control
Who received penalties in the Monaco GP?,race_control
Were there any safety cars in the Australian GP?,race_control
Who received penalties in the Japanese GP?,race_control
How many DNFs occurred in the Japanese GP?,race_control
Who received penalties in the Spanish GP?,race_control
How many DNFs occurred in the Canadian GP?,race_control
Were there any safety cars in the Monaco GP?,race_control
Who received penalties in the British GP?,race_control
How many DNFs occurred in the Spanish GP?,race_control
Who received penalties in the Australian GP?,race_control
Who received penalties in the Japanese GP?,race_control
How many DNFs occurred in the Canadian GP?,race_control
How many DNFs occurred in the Japanese GP?,race_control
Who received penalties in the Monaco GP?,race_control
Were there any safety cars in the British GP?,race_control
Were there any safety cars in the Japanese GP?,race_control
Who received penalties in the Spanish GP?,race_control
How many DNFs occurred in the Monaco GP?,race_control
Who received penalties in the British GP?,race_control
Were there any safety cars in the Australian GP?,race_control
Were there any safety cars in the Canadian GP?,race_control
Who received penalties in the Japanese GP?,race_control
Were there any safety cars in the Japanese GP?,race_control
Who received penalties in the British GP?,race_control
Who received penalties in the British GP?,race_control
Were there any safety cars in the Japanese GP?,race_control
How many DNFs occurred in the Australian GP?,race_control
How many DNFs occurred in the Japanese GP?,race_control
How many DNFs occurred in the Spanish GP?,race_control
Who received penalties in the Australian GP?,race_control
Who received penalties in the British GP?,race_control
Who received penalties in the Australian GP?,race_control
Who received penalties in the British GP?,race_control
Who received penalties in the Japanese GP?,race_control
Were there any safety cars in the Australian GP?,race_control
Were there any safety cars in the British GP?,race_control
How many DNFs occurred in the Spanish GP?,race_control
Were there any safety cars in the Spanish GP?,race_control
How many DNFs occurred in the Canadian GP?,race_control
Who received penalties in the Japanese GP?,race_control
Who received penalties in the Canadian GP?,race_control
How many DNFs occurred in the Australian GP?,race_control
How many DNFs occurred in the Canadian GP?,race_control
Were there any safety cars in the Canadian GP?,race_control
How many DNFs occurred in the British GP?,race_control
Who received penalties in the Japanese GP?,race_control
Were there any safety cars in the British GP?,race_control
Who received penalties in the Australian GP?,race_control
Were there any safety cars in the Monaco GP?,race_control
Who received penalties in the Monaco GP?,race_control
Were there any safety cars in the British GP?,race_control
Who received penalties in the British GP?,race_control
Were there any safety cars in the British GP?,race_control
Were there any safety cars in the Canadian GP?,race_control
Were there any safety cars in the Spanish GP?,race_control
How many DNFs occurred in the Australian GP?,race_control
Who received penalties in the Canadian GP?,race_control
Who received penalties in the Japanese GP?,race_control
How many DNFs occurred in the Spanish GP?,race_control
When is the next Grand Prix?,meeting_schedule
When is the next Grand Prix?,meeting_schedule
When is the next Grand Prix?,meeting_schedule
When is the next Grand Prix?,meeting_schedule
When is the Japanese GP?,meeting_schedule
What time does qualifying start for the Australian GP?,meeting_schedule
What time does qualifying start for the Canadian GP?,meeting_schedule
When is the Japanese GP?,meeting_schedule
What time does qualifying start for the Monaco GP?,meeting_schedule
When is the next Grand Prix?,meeting_schedule
What time does qualifying start for the Australian GP?,meeting_schedule
When is the British GP?,meeting_schedule
What time does qualifying start for the Monaco GP?,meeting_schedule
When is the British GP?,meeting_schedule
What time does qualifying start for the British GP?,meeting_schedule
What time does qualifying start for the Japanese GP?,meeting_schedule
When is the next Grand Prix?,meeting_schedule
When is the Spanish GP?,meeting_schedule
When is the Japanese GP?,meeting_schedule
When is the Spanish GP?,meeting_schedule
What time does qualifying start for the Australian GP?,meeting_schedule
What time does qualifying start for the Australian GP?,meeting_schedule
When is the next Grand Prix?,meeting_schedule
What time does qualifying start for the Japanese GP?,meeting_schedule
What time does qualifying start for the British GP?,meeting_schedule
When is the next Grand Prix?,meeting_schedule
What time does qualifying start for the Australian GP?,meeting_schedule
What time does qualifying start for the British GP?,meeting_schedule
When is the Monaco GP?,meeting_schedule
What time does qualifying start for the British GP?,meeting_schedule
When is the Canadian GP?,meeting_schedule
What time does qualifying start for the Australian GP?,meeting_schedule
What time does qualifying start for the British GP?,meeting_schedule
When is the Monaco GP?,meeting_schedule
When is the Spanish GP?,meeting_schedule
What time does qualifying start for the Canadian GP?,meeting_schedule
What time does qualifying start for the Spanish GP?,meeting_schedule
What time does qualifying start for the Japanese GP?,meeting_schedule
When is the Japanese GP?,meeting_schedule
When is the Monaco GP?,meeting_schedule
What time does qualifying start for the Canadian GP?,meeting_schedule
When is the Spanish GP?,meeting_schedule
When is the next Grand Prix?,meeting_schedule
When is the British GP?,meeting_schedule
When is the British GP?,meeting_schedule
When is the next Grand Prix?,meeting_schedule
When is the Canadian GP?,meeting_schedule
When is the British GP?,meeting_schedule
When is the Canadian GP?,meeting_schedule
What time does qualifying start for the Monaco GP?,meeting_schedule
When is the Monaco GP?,meeting_schedule
When is the next Grand Prix?,meeting_schedule
When is the Spanish GP?,meeting_schedule
When is the next Grand Prix?,meeting_schedule
What time does qualifying start for the Japanese GP?,meeting_schedule
When is the next Grand Prix?,meeting_schedule
When is the next Grand Prix?,meeting_schedule
When is the next Grand Prix?,meeting_schedule
What time does qualifying start for the Canadian GP?,meeting_schedule
What time does qualifying start for the Australian GP?,meeting_schedule
When is the Monaco GP?,meeting_schedule
When is the Japanese GP?,meeting_schedule
When is the next Grand Prix?,meeting_schedule
What time does qualifying start for the Japanese GP?,meeting_schedule
When is the British GP?,meeting_schedule
When is the next Grand Prix?,meeting_schedule
When is the Spanish GP?,meeting_schedule
What time does qualifying start for the Spanish GP?,meeting_schedule
What time does qualifying start for the Spanish GP?,meeting_schedule
When is the next Grand Prix?,meeting_schedule
When is the Monaco GP?,meeting_schedule
What time does qualifying start for the Japanese GP?,meeting_schedule
What time does qualifying start for the Japanese GP?,meeting_schedule
What time does qualifying start for the Monaco GP?,meeting_schedule
When is the Spanish GP?,meeting_schedule
What time does qualifying start for the Spanish GP?,meeting_schedule
When is the Japanese GP?,meeting_schedule
When is the British GP?,meeting_schedule
When is the Monaco GP?,meeting_schedule
When is the next Grand Prix?,meeting_schedule
When is the Japanese GP?,meeting_schedule
When is the next Grand Prix?,meeting_schedule
When is the next Grand Prix?,meeting_schedule
What time does qualifying start for the Australian GP?,meeting_schedule
What time does qualifying start for the Monaco GP?,meeting_schedule
When is the next Grand Prix?,meeting_schedule
When is the next Grand Prix?,meeting_schedule
When is the Canadian GP?,meeting_schedule
What time does qualifying start for the Australian GP?,meeting_schedule
When is the Canadian GP?,meeting_schedule
When is the next Grand Prix?,meeting_schedule
What time does qualifying start for the Australian GP?,meeting_schedule
What time does qualifying start for the British GP?,meeting_schedule
When is the Canadian GP?,meeting_schedule
What time does qualifying start for the Monaco GP?,meeting_schedule
What time does qualifying start for the British GP?,meeting_schedule
What time does qualifying start for the Australian GP?,meeting_schedule
When is the Spanish GP?,meeting_schedule
What time does qualifying start for the Spanish GP?,meeting_schedule
When is the next Grand Prix?,meeting_schedule
How did the weather affect tire strategy in the Japanese GP?,multi_table_query
How did the weather affect tire strategy in the British GP?,multi_table_query
Compare team performance and tire strategies in the Canadian GP.,multi_table_query
How did the weather affect tire strategy in the Japanese GP?,multi_table_query
Show me qualifying and race results for Verstappen.,multi_table_query
Show me qualifying and race results for Sainz.,multi_table_query
Compare team performance and tire strategies in the British GP.,multi_table_query
Compare team performance and tire strategies in the Canadian GP.,multi_table_query
Show me qualifying and race results for Norris.,multi_table_query
Show me qualifying and race results for Norris.,multi_table_query
How did the weather affect tire strategy in the Spanish GP?,multi_table_query
Compare team performance and tire strategies in the Japanese GP.,multi_table_query
Show me qualifying and race results for Sainz.,multi_table_query
Compare team performance and tire strategies in the British GP.,multi_table_query
Show me qualifying and race results for Verstappen.,multi_table_query
Compare team performance and tire strategies in the British GP.,multi_table_query
How did the weather affect tire strategy in the Australian GP?,multi_table_query
How did the weather affect tire strategy in the Canadian GP?,multi_table_query
Show me qualifying and race results for Russell.,multi_table_query
Compare team performance and tire strategies in the British GP.,multi_table_query
How did the weather affect tire strategy in the British GP?,multi_table_query
How did the weather affect tire strategy in the Japanese GP?,multi_table_query
Compare team performance and tire strategies in the Monaco GP.,multi_table_query
Show me qualifying and race results for Leclerc.,multi_table_query
Compare team performance and tire strategies in the Spanish GP.,multi_table_query
Show me qualifying and race results for Hamilton.,multi_table_query
Show me qualifying and race results for Russell.,multi_table_query
Compare team performance and tire strategies in the Monaco GP.,multi_table_query
How did the weather affect tire strategy in the Canadian GP?,multi_table_query
Compare team performance and tire strategies in the Spanish GP.,multi_table_query
Compare team performance and tire strategies in the Spanish GP.,multi_table_query
Show me qualifying and race results for Leclerc.,multi_table_query
Show me qualifying and race results for Verstappen.,multi_table_query
How did the weather affect tire strategy in the Spanish GP?,multi_table_query
Compare team performance and tire strategies in the Australian GP.,multi_table_query
How did the weather affect tire strategy in the Japanese GP?,multi_table_query
Compare team performance and tire strategies in the Canadian GP.,multi_table_query
Show me qualifying and race results for Sainz.,multi_table_query
How did the weather affect tire strategy in the Canadian GP?,multi_table_query
Show me qualifying and race results for Leclerc.,multi_table_query
How did the weather affect tire strategy in the Australian GP?,multi_table_query
Compare team performance and tire strategies in the Australian GP.,multi_table_query
How did the weather affect tire strategy in the Japanese GP?,multi_table_query
Show me qualifying and race results for Sainz.,multi_table_query
Show me qualifying and race results for Norris.,multi_table_query
How did the weather affect tire strategy in the Australian GP?,multi_table_query
Compare team performance and tire strategies in the Australian GP.,multi_table_query
How did the weather affect tire strategy in the British GP?,multi_table_query
Show me qualifying and race results for Norris.,multi_table_query
Compare team performance and tire strategies in the British GP.,multi_table_query
Show me qualifying and race results for Russell.,multi_table_query
Compare team performance and tire strategies in the British GP.,multi_table_query
Show me qualifying and race results for Sainz.,multi_table_query
Show me qualifying and race results for Verstappen.,multi_table_query
How did the weather affect tire strategy in the British GP?,multi_table_query
Compare team performance and tire strategies in the Monaco GP.,multi_table_query
How did the weather affect tire strategy in the British GP?,multi_table_query
Show me qualifying and race results for Verstappen.,multi_table_query
Show me qualifying and race results for Hamilton.,multi_table_query
Compare team performance and tire strategies in the Monaco GP.,multi_table_query
Compare team performance and tire strategies in the Monaco GP.,multi_table_query
Show me qualifying and race results for Sainz.,multi_table_query
Show me qualifying and race results for Hamilton.,multi_table_query
How did the weather affect tire strategy in the Monaco GP?,multi_table_query
Compare team performance and tire strategies in the Japanese GP.,multi_table_query
Show me qualifying and race results for Norris.,multi_table_query
Show me qualifying and race results for Hamilton.,multi_table_query
Compare team performance and tire strategies in the Australian GP.,multi_table_query
Show me qualifying and race results for Russell.,multi_table_query
How did the weather affect tire strategy in the Australian GP?,multi_table_query
How did the weather affect tire strategy in the British GP?,multi_table_query
How did the weather affect tire strategy in the British GP?,multi_table_query
Compare team performance and tire strategies in the Japanese GP.,multi_table_query
How did the weather affect tire strategy in the Canadian GP?,multi_table_query
Compare team performance and tire strategies in the Monaco GP.,multi_table_query
Show me qualifying and race results for Leclerc.,multi_table_query
Compare team performance and tire strategies in the British GP.,multi_table_query
Show me qualifying and race results for Verstappen.,multi_table_query
Compare team performance and tire strategies in the Canadian GP.,multi_table_query
How did the weather affect tire strategy in the Spanish GP?,multi_table_query
Show me qualifying and race results for Verstappen.,multi_table_query
Show me qualifying and race results for Verstappen.,multi_table_query
Show me qualifying and race results for Russell.,multi_table_query
Show me qualifying and race results for Russell.,multi_table_query
How did the weather affect tire strategy in the British GP?,multi_table_query
Compare team performance and tire strategies in the Australian GP.,multi_table_query
How did the weather affect tire strategy in the Canadian GP?,multi_table_query
How did the weather affect tire strategy in the Spanish GP?,multi_table_query
How did the weather affect tire strategy in the Japanese GP?,multi_table_query
Show me qualifying and race results for Sainz.,multi_table_query
Show me qualifying and race results for Sainz.,multi_table_query
Show me qualifying and race results for Leclerc.,multi_table_query
Compare team performance and tire strategies in the British GP.,multi_table_query
Show me qualifying and race results for Verstappen.,multi_table_query
Compare team performance and tire strategies in the Spanish GP.,multi_table_query
How did the weather affect tire strategy in the Japanese GP?,multi_table_query
How did the weather affect tire strategy in the Spanish GP?,multi_table_query
Compare team performance and tire strategies in the British GP.,multi_table_query
Show me qualifying and race results for Russell.,multi_table_query
Show me qualifying and race results for Norris.,multi_table_query
Give me the highlights from the Canadian GP.,general_inquiry
What happened in the Australian GP?,general_inquiry
Give me the highlights from the Monaco GP.,general_inquiry
What happened in the Australian GP?,general_inquiry
Tell me about the recent F1 race.,general_inquiry
Tell me about the recent F1 race.,general_inquiry
What happened in the Japanese GP?,general_inquiry
Give me the highlights from the Monaco GP.,general_inquiry
Give me the highlights from the Monaco GP.,general_inquiry
What happened in the Spanish GP?,general_inquiry
Give me the highlights from the British GP.,general_inquiry
Give me the highlights from the British GP.,general_inquiry
Tell me about the recent F1 race.,general_inquiry
Tell me about the recent F1 race.,general_inquiry
Give me the highlights from the Canadian GP.,general_inquiry
What happened in the Spanish GP?,general_inquiry
What happened in the Australian GP?,general_inquiry
What happened in the Canadian GP?,general_inquiry
Tell me about the recent F1 race.,general_inquiry
Tell me about the recent F1 race.,general_inquiry
What happened in the Japanese GP?,general_inquiry
What happened in the Canadian GP?,general_inquiry
Tell me about the recent F1 race.,general_inquiry
Tell me about the recent F1 race.,general_inquiry
Tell me about the recent F1 race.,general_inquiry
Tell me about the recent F1 race.,general_inquiry
What happened in the Japanese GP?,general_inquiry
Tell me about the recent F1 race.,general_inquiry
Give me the highlights from the British GP.,general_inquiry
Give me the highlights from the British GP.,general_inquiry
What happened in the Monaco GP?,general_inquiry
Tell me about the recent F1 race.,general_inquiry
Give me the highlights from the Australian GP.,general_inquiry
Give me the highlights from the Japanese GP.,general_inquiry
Tell me about the recent F1 race.,general_inquiry
Tell me about the recent F1 race.,general_inquiry
What happened in the Japanese GP?,general_inquiry
What happened in the Spanish GP?,general_inquiry
What happened in the Canadian GP?,general_inquiry
Tell me about the recent F1 race.,general_inquiry
What happened in the Canadian GP?,general_inquiry
Give me the highlights from the Australian GP.,general_inquiry
Tell me about the recent F1 race.,general_inquiry
Tell me about the recent F1 race.,general_inquiry
Give me the highlights from the British GP.,general_inquiry
What happened in the Canadian GP?,general_inquiry
Tell me about the recent F1 race.,general_inquiry
What happened in the Canadian GP?,general_inquiry
Tell me about the recent F1 race.,general_inquiry
Tell me about the recent F1 race.,general_inquiry
What happened in the Japanese GP?,general_inquiry
Give me the highlights from the Spanish GP.,general_inquiry
Tell me about the recent F1 race.,general_inquiry
Give me the highlights from the Japanese GP.,general_inquiry
Give me the highlights from the Australian GP.,general_inquiry
Tell me about the recent F1 race.,general_inquiry
Give me the highlights from the Canadian GP.,general_inquiry
Tell me about the recent F1 race.,general_inquiry
Tell me about the recent F1 race.,general_inquiry
Give me the highlights from the British GP.,general_inquiry
What happened in the Australian GP?,general_inquiry
What happened in the Monaco GP?,general_inquiry
Tell me about the recent F1 race.,general_inquiry
Give me the highlights from the Monaco GP.,general_inquiry
What happened in the Canadian GP?,general_inquiry
Tell me about the recent F1 race.,general_inquiry
Tell me about the recent F1 race.,general_inquiry
Tell me about the recent F1 race.,general_inquiry
Tell me about the recent F1 race.,general_inquiry
Tell me about the recent F1 race.,general_inquiry
Tell me about the recent F1 race.,general_inquiry
What happened in the British GP?,general_inquiry
What happened in the Australian GP?,general_inquiry
Give me the highlights from the British GP.,general_inquiry
What happened in the Monaco GP?,general_inquiry
Give me the highlights from the Canadian GP.,general_inquiry
What happened in the British GP?,general_inquiry
Give me the highlights from the Monaco GP.,general_inquiry
Tell me about the recent F1 race.,general_inquiry
Tell me about the recent F1 race.,general_inquiry
What happened in the Japanese GP?,general_inquiry
What happened in the British GP?,general_inquiry
What happened in the Monaco GP?,general_inquiry
What happened in the Japanese GP?,general_inquiry
Tell me about the recent F1 race.,general_inquiry
Tell me about the recent F1 race.,general_inquiry
Tell me about the recent F1 race.,general_inquiry
Tell me about the recent F1 race.,general_inquiry
Give me the highlights from the Spanish GP.,general_inquiry
Give me the highlights from the Monaco GP.,general_inquiry
Give me the highlights from the Japanese GP.,general_inquiry
Tell me about the recent F1 race.,general_inquiry
Tell me about the recent F1 race.,general_inquiry
What happened in the Canadian GP?,general_inquiry
Tell me about the recent F1 race.,general_inquiry
What happened in the Australian GP?,general_inquiry
Give me the highlights from the Monaco GP.,general_inquiry
Give me the highlights from the Monaco GP.,general_inquiry
What happened in the Japanese GP?,general_inquiry
Tell me about the recent F1 race.,general_inquiry
"Tell me about qualifying results, fastest laps","qualifying_results, fastest_laps"
"Tell me about fastest laps, general inquiry","fastest_laps, general_inquiry"
"Tell me about driver performance, weather conditions, qualifying results","driver_performance, weather_conditions, qualifying_results"
"Tell me about position changes, qualifying results, pit stops, tire strategy","position_changes, qualifying_results, pit_stops, tire_strategy"
"Tell me about qualifying results, multi table query, race control","qualifying_results, multi_table_query, race_control"
"Tell me about fastest laps, team performance, qualifying results","fastest_laps, team_performance, qualifying_results"
"Tell me about multi table query, race results, driver performance","multi_table_query, race_results, driver_performance"
"Tell me about qualifying results, multi table query, position changes, meeting schedule","qualifying_results, multi_table_query, position_changes, meeting_schedule"
"Tell me about driver performance, race control, tire strategy","driver_performance, race_control, tire_strategy"
"Tell me about multi table query, position changes, team performance, race control","multi_table_query, position_changes, team_performance, race_control"
"Tell me about weather conditions, team performance","weather_conditions, team_performance"
"Tell me about qualifying results, team performance, race results","qualifying_results, team_performance, race_results"
"Tell me about tire strategy, pit stops","tire_strategy, pit_stops"
"Tell me about meeting schedule, team performance, race control","meeting_schedule, team_performance, race_control"
"Tell me about position changes, qualifying results, driver performance","position_changes, qualifying_results, driver_performance"
"Tell me about fastest laps, team performance, multi table query, pit stops","fastest_laps, team_performance, multi_table_query, pit_stops"
"Tell me about lap times, position changes, multi table query","lap_times, position_changes, multi_table_query"
"Tell me about position changes, general inquiry, race results, multi table query","position_changes, general_inquiry, race_results, multi_table_query"
"Tell me about general inquiry, pit stops, lap times","general_inquiry, pit_stops, lap_times"
"Tell me about weather conditions, general inquiry, team performance, multi table query","weather_conditions, general_inquiry, team_performance, multi_table_query"
"Tell me about pit stops, multi table query, driver performance","pit_stops, multi_table_query, driver_performance"
"Tell me about meeting schedule, fastest laps, position changes","meeting_schedule, fastest_laps, position_changes"
"Tell me about fastest laps, multi table query","fastest_laps, multi_table_query"
"Tell me about lap times, tire strategy, position changes","lap_times, tire_strategy, position_changes"
"Tell me about fastest laps, lap times","fastest_laps, lap_times"
"Tell me about multi table query, race control, lap times","multi_table_query, race_control, lap_times"
"Tell me about fastest laps, multi table query, position changes, qualifying results","fastest_laps, multi_table_query, position_changes, qualifying_results"
"Tell me about weather conditions, tire strategy, lap times","weather_conditions, tire_strategy, lap_times"
"Tell me about general inquiry, tire strategy, qualifying results","general_inquiry, tire_strategy, qualifying_results"
"Tell me about fastest laps, qualifying results, multi table query, team performance","fastest_laps, qualifying_results, multi_table_query, team_performance"
"Tell me about team performance, multi table query, tire strategy, race control","team_performance, multi_table_query, tire_strategy, race_control"
"Tell me about race control, driver performance","race_control, driver_performance"
"Tell me about team performance, tire strategy, meeting schedule, fastest laps","team_performance, tire_strategy, meeting_schedule, fastest_laps"
"Tell me about weather conditions, meeting schedule, driver performance, multi table query","weather_conditions, meeting_schedule, driver_performance, multi_table_query"
"Tell me about tire strategy, pit stops","tire_strategy, pit_stops"
"Tell me about team performance, lap times","team_performance, lap_times"
"Tell me about lap times, fastest laps, pit stops","lap_times, fastest_laps, pit_stops"
"Tell me about position changes, multi table query, tire strategy, general inquiry","position_changes, multi_table_query, tire_strategy, general_inquiry"
"Tell me about meeting schedule, race results, position changes","meeting_schedule, race_results, position_changes"
"Tell me about meeting schedule, multi table query, lap times, qualifying results","meeting_schedule, multi_table_query, lap_times, qualifying_results"
"Tell me about driver performance, race results, lap times","driver_performance, race_results, lap_times"
"Tell me about team performance, weather conditions, general inquiry","team_performance, weather_conditions, general_inquiry"
"Tell me about driver performance, position changes","driver_performance, position_changes"
"Tell me about fastest laps, weather conditions, race control","fastest_laps, weather_conditions, race_control"
"Tell me about race results, team performance, general inquiry","race_results, team_performance, general_inquiry"
"Tell me about weather conditions, multi table query","weather_conditions, multi_table_query"
"Tell me about general inquiry, weather conditions, pit stops, meeting schedule","general_inquiry, weather_conditions, pit_stops, meeting_schedule"
"Tell me about tire strategy, position changes","tire_strategy, position_changes"
"Tell me about qualifying results, pit stops","qualifying_results, pit_stops"
"Tell me about fastest laps, race results","fastest_laps, race_results"
"Tell me about race control, general inquiry, race results, weather conditions","race_control, general_inquiry, race_results, weather_conditions"
"Tell me about meeting schedule, position changes, race control","meeting_schedule, position_changes, race_control"
"Tell me about race control, race results","race_control, race_results"
"Tell me about position changes, driver performance, qualifying results, general inquiry","position_changes, driver_performance, qualifying_results, general_inquiry"
"Tell me about race control, position changes, lap times","race_control, position_changes, lap_times"
"Tell me about general inquiry, multi table query, weather conditions","general_inquiry, multi_table_query, weather_conditions"
"Tell me about lap times, pit stops","lap_times, pit_stops"
"Tell me about lap times, weather conditions","lap_times, weather_conditions"
"Tell me about tire strategy, qualifying results","tire_strategy, qualifying_results"
"Tell me about qualifying results, race control, tire strategy, team performance","qualifying_results, race_control, tire_strategy, team_performance"
"Tell me about position changes, meeting schedule","position_changes, meeting_schedule"
"Tell me about meeting schedule, position changes, pit stops, multi table query","meeting_schedule, position_changes, pit_stops, multi_table_query"
"Tell me about lap times, driver performance, tire strategy, multi table query","lap_times, driver_performance, tire_strategy, multi_table_query"
"Tell me about weather conditions, tire strategy, lap times","weather_conditions, tire_strategy, lap_times"
"Tell me about general inquiry, fastest laps, driver performance","general_inquiry, fastest_laps, driver_performance"
"Tell me about qualifying results, race results","qualifying_results, race_results"
"Tell me about pit stops, multi table query, race control, position changes","pit_stops, multi_table_query, race_control, position_changes"
"Tell me about general inquiry, lap times, fastest laps","general_inquiry, lap_times, fastest_laps"
"Tell me about multi table query, pit stops","multi_table_query, pit_stops"
"Tell me about tire strategy, meeting schedule","tire_strategy, meeting_schedule"
"Tell me about pit stops, multi table query, driver performance, fastest laps","pit_stops, multi_table_query, driver_performance, fastest_laps"
"Tell me about race results, pit stops, fastest laps, multi table query","race_results, pit_stops, fastest_laps, multi_table_query"
"Tell me about pit stops, tire strategy","pit_stops, tire_strategy"
"Tell me about race results, general inquiry, tire strategy","race_results, general_inquiry, tire_strategy"
"Tell me about lap times, qualifying results, pit stops","lap_times, qualifying_results, pit_stops"
